TeamID,"Team Name","ottoneu ID","FG MajorLeagueID","FG MinorLeagueID",Name,"MLB Team",Position(s),Salary
560,"The Pendletones",14982,11579,sa548033,"Bryce Harper",PHI,1B,$59
560,"The Pendletones",18397,16556,sa830219,"Ozzie Albies",ATL,2B,$28
560,"The Pendletones",37257,26288,sa3011643,"Adley Rutschman",BAL,C,$24
560,"The Pendletones",18126,12927,sa597760,"Brandon Nimmo",NYM,OF,$20
560,"The Pendletones",33682,22250,sa3008598,"Logan Gilbert",SEA,SP,$18
560,"The Pendletones",36671,25436,sa3011526,"George Kirby",SEA,SP,$17
560,"The Pendletones",18479,17919,sa827194,"Ian Happ",CHC,OF,$16
560,"The Pendletones",23796,20437,sa3004259,"Royce Lewis",MIN,3B,$14
560,"The Pendletones",18389,13419,sa503826,"Christian Walker",HOU,1B,$13
560,"The Pendletones",18506,18314,sa659260,"Dansby Swanson",CHC,SS,$13
560,"The Pendletones",35196,21390,sa3007584,"Joe Ryan",MIN,SP,$12
560,"The Pendletones",40550,29837,sa3017414,"Bryce Miller",SEA,SP,$11
560,"The Pendletones",33622,21501,sa3008376,"Trevor Larnach",MIN,OF,$10
560,"The Pendletones",36743,25493,sa3009889,"Joey Ortiz",MIL,SS/3B,$9
560,"The Pendletones",33259,20373,sa919548,"Andres Munoz",SEA,RP,$9
560,"The Pendletones",42991,,sa3021069,"Sebastian Walcott","TEX AA",SS/3B,$9
560,"The Pendletones",23752,19953,sa917926,"Josh Lowe",TBR,OF,$8
560,"The Pendletones",42156,31347,sa3019855,"Zach Neto",LAA,SS,$8
560,"The Pendletones",18365,16376,sa709038,"Michael Conforto",LAD,OF,$7
560,"The Pendletones",37072,25845,sa3010393,"Michael Toglia",COL,1B/OF,$7
560,"The Pendletones",40568,29878,sa3017461,"Sean Burke",CHW,SP/RP,$5
560,"The Pendletones",22670,18373,sa874734,"Ryan Mountcastle",BAL,1B,$5
560,"The Pendletones",42141,31349,sa3019838,"Victor Scott II",STL,OF,$4
560,"The Pendletones",37174,26466,sa918808,"Matt Wallner",MIN,OF,$4
560,"The Pendletones",18465,15440,sa621603,"Matthew Boyd",CHC,SP,$3
560,"The Pendletones",42873,,sa3020949,"Noah Schultz","CHW AA",SP,$3
560,"The Pendletones",30979,17734,sa658921,"Evan Phillips","LAD AAA",RP,$3
560,"The Pendletones",40615,29921,sa3017537,"Spencer Arrighetti",HOU,SP,$3
560,"The Pendletones",38344,27531,sa3014434,"David Hamilton",BOS,2B/SS,$3
560,"The Pendletones",2916,3096,sa295200,"Kenley Jansen",LAA,RP,$2
560,"The Pendletones",18303,15518,sa732115,"Amed Rosario",WSN,2B/SS/3B/OF,$2
560,"The Pendletones",18449,12730,sa599574,"Nick Martinez",CIN,SP/RP,$1
560,"The Pendletones",35532,25007,sa3008070,"Alex Vesia",LAD,RP,$1
560,"The Pendletones",31509,19876,sa829213,"Kevin Ginkel",ARI,RP,$1
560,"The Pendletones",19481,16535,sa738162,"Danny Jansen",TBR,C,$1
560,"The Pendletones",23613,14542,sa598491,"Carlos Estevez",KCR,RP,$1
560,"The Pendletones",37234,25756,sa3010616,"Matt Brash",SEA,RP,$1
560,"The Pendletones",37837,26048,sa3011536,"Sawyer Gipson-Long",DET,RP,$1
560,"The Pendletones",23582,13621,sa596954,"Jeimer Candelario",CIN,1B/3B,$1
562,"The Art of Pitching",23327,18401,sa877503,"Ronald AcuÃ±a Jr.",ATL,OF,$41
562,"The Art of Pitching",37182,25878,sa3010593,"Corbin Carroll",ARI,OF,$36
562,"The Art of Pitching",23779,19291,sa857550,"Zac Gallen",ARI,SP,$35
562,"The Art of Pitching",6305,10155,sa500736,"Mike Trout",LAA,OF,$33
562,"The Art of Pitching",35204,22267,sa3007593,"Tarik Skubal",DET,SP,$29
562,"The Art of Pitching",18480,17678,sa659419,"Alex Bregman",BOS,3B,$21
562,"The Art of Pitching",23732,15689,sa657487,"Luis Castillo",SEA,SP,$20
562,"The Art of Pitching",18407,15986,sa736655,"Willy Adames",SFG,SS,$15
562,"The Art of Pitching",23745,19287,sa908695,"Adolis GarcÃ­a",TEX,OF,$14
562,"The Art of Pitching",18359,16137,sa598286,"Carlos Rodon",NYY,SP,$12
562,"The Art of Pitching",26080,21897,sa3003171,"Christopher Morel",TBR,2B/3B/OF,$12
562,"The Art of Pitching",37300,25961,sa3010689,"Kerry Carpenter",DET,OF,$12
562,"The Art of Pitching",22655,18839,sa874243,"Josh Naylor",ARI,1B,$11
562,"The Art of Pitching",22048,17548,sa858832,"Taylor Ward",LAA,OF,$10
562,"The Art of Pitching",36683,27647,sa3010868,"Anthony Volpe",NYY,SS,$9
562,"The Art of Pitching",35808,24968,sa3008513,"Reese Olson",DET,SP,$8
562,"The Art of Pitching",14941,11486,sa549085,"Robbie Ray",SFG,SP,$7
562,"The Art of Pitching",35181,24729,sa3007519,"Logan O'Hoppe",LAA,C,$6
562,"The Art of Pitching",14864,11739,sa548255,"J.T. Realmuto",PHI,C,$6
562,"The Art of Pitching",20920,17479,sa828681,"Jack Flaherty",DET,SP,$5
562,"The Art of Pitching",35450,23800,sa3007943,"Parker Meadows",DET,OF,$5
562,"The Art of Pitching",9668,12552,sa505033,"Eugenio Suarez",ARI,3B,$5
562,"The Art of Pitching",38374,27899,sa3014474,"Colt Keith",DET,2B,$5
562,"The Art of Pitching",33767,23920,sa3005436,"Brayan Bello","BOS AAA",SP,$4
562,"The Art of Pitching",26570,19608,sa3004268,"Otto Lopez",MIA,2B/SS,$4
562,"The Art of Pitching",15261,8700,sa277705,"Justin Verlander",SFG,SP,$4
562,"The Art of Pitching",23660,19343,sa738675,"A.J. Puk",ARI,RP,$4
562,"The Art of Pitching",18455,11847,sa596330,"Chris Martin",TEX,RP,$4
562,"The Art of Pitching",22616,17929,sa873639,"Cedric Mullins",BAL,OF,$3
562,"The Art of Pitching",37235,27581,sa3010617,"Hayden Wesneski",HOU,SP/RP,$2
562,"The Art of Pitching",31984,23363,sa915840,"Robert Garcia",TEX,RP,$2
562,"The Art of Pitching",31714,19362,sa873980,"Keegan Akin",BAL,RP,$2
562,"The Art of Pitching",26384,20116,sa3004013,"Calvin Faucher",MIA,RP,$2
562,"The Art of Pitching",18239,13590,sa657865,"Jesse Winker",NYM,OF,$2
562,"The Art of Pitching",20350,16472,sa827179,"Rhys Hoskins",MIL,1B,$2
562,"The Art of Pitching",18548,18577,sa874730,"Ke'Bryan Hayes",PIT,3B,$2
562,"The Art of Pitching",23864,19618,sa875019,"Jordan Hicks",SFG,SP/RP,$1
562,"The Art of Pitching",44528,33826,sa3023348,"Yuki Matsui",SDP,RP,$1
596,"WAR Horse ğŸ¦„",18312,15640,sa549847,"Aaron Judge",NYY,OF,$67
596,"WAR Horse ğŸ¦„",44525,33825,sa3023345,"Yoshinobu Yamamoto",LAD,SP,$38
596,"WAR Horse ğŸ¦„",40927,30116,sa3018052,"Seiya Suzuki",CHC,OF,$34
596,"WAR Horse ğŸ¦„",14393,10603,sa392121,"Chris Sale",ATL,SP,$23
596,"WAR Horse ğŸ¦„",23625,21846,sa917938,"Cole Ragans",KCR,SP,$20
596,"WAR Horse ğŸ¦„",38736,27498,sa3015059,"Spencer Strider","ATL AAA",SP/RP,$17
596,"WAR Horse ğŸ¦„",40862,31757,sa3017934,"Mason Miller",ATH,RP,$16
596,"WAR Horse ğŸ¦„",22559,21029,sa873347,"Jhoan Duran",MIN,RP,$15
596,"WAR Horse ğŸ¦„",21039,17312,sa828960,"Justin Steele",CHC,SP,$12
596,"WAR Horse ğŸ¦„",6130,10324,sa503013,"Marcell Ozuna",ATL,Util,$8
596,"WAR Horse ğŸ¦„",27058,23772,sa3005082,"Wilyer Abreu",BOS,OF,$8
596,"WAR Horse ğŸ¦„",42110,31843,sa3020827,"Kumar Rocker",TEX,SP/RP,$8
596,"WAR Horse ğŸ¦„",20291,19858,sa826671,"Luis Rengifo",LAA,2B/3B,$7
596,"WAR Horse ğŸ¦„",39978,29591,sa3017018,"Colton Cowser",BAL,OF,$7
596,"WAR Horse ğŸ¦„",23809,22275,sa915698,"Jake Burger",TEX,1B/3B,$7
596,"WAR Horse ğŸ¦„",40508,29794,sa3017342,"Kyle Manzardo",CLE,1B,$7
596,"WAR Horse ğŸ¦„",40260,29976,sa3017662,"Jordan Lawlar","ARI AAA",Util,$6
596,"WAR Horse ğŸ¦„",33217,21837,sa919293,"Jonathan Aranda",TBR,1B/2B,$6
596,"WAR Horse ğŸ¦„",26134,22664,sa3003226,"Gabriel Moreno",ARI,C,$6
596,"WAR Horse ğŸ¦„",18516,18363,sa828409,"Victor Robles",SEA,OF,$6
596,"WAR Horse ğŸ¦„",37091,26477,sa1115496,"Spencer Horwitz",PIT,1B/2B,$6
596,"WAR Horse ğŸ¦„",40564,,sa3017428,"Bubba Chandler","PIT AAA",SP,$5
596,"WAR Horse ğŸ¦„",19398,15454,sa737889,"Nick Pivetta",SDP,SP,$5
596,"WAR Horse ğŸ¦„",18504,19374,sa658292,"Walker Buehler",BOS,SP,$5
596,"WAR Horse ğŸ¦„",18171,14078,sa621625,"Michael Wacha",KCR,SP,$5
596,"WAR Horse ğŸ¦„",36048,26548,sa3008765,"Luisangel Acuna",NYM,2B/SS/OF,$4
596,"WAR Horse ğŸ¦„",43988,,sa3022894,"Walker Jenkins","MIN AA",OF,$4
596,"WAR Horse ğŸ¦„",18415,16400,sa696415,"Reynaldo Lopez",ATL,SP,$4
596,"WAR Horse ğŸ¦„",44003,33266,sa3022538,"Jacob Wilson",ATH,SS,$4
596,"WAR Horse ğŸ¦„",33640,23698,sa3006887,"Ronny Mauricio",NYM,Util,$4
596,"WAR Horse ğŸ¦„",44554,,sa3023407,"Quinn Mathews","STL AAA",SP,$4
596,"WAR Horse ğŸ¦„",35939,21636,sa876320,"Jeremy Pena",HOU,SS,$4
596,"WAR Horse ğŸ¦„",38320,27465,sa3014504,"Spencer Torkelson",DET,1B,$4
596,"WAR Horse ğŸ¦„",40255,29576,sa3016974,"Ben Rice",NYY,C/1B,$3
596,"WAR Horse ğŸ¦„",38317,27562,sa3014440,"Austin Wells",NYY,C,$3
596,"WAR Horse ğŸ¦„",42653,31827,sa3020570,"Zebby Matthews","MIN AAA",SP,$3
596,"WAR Horse ğŸ¦„",21655,16866,sa830040,"Reed Garrett",NYM,RP,$2
596,"WAR Horse ğŸ¦„",42410,31564,sa3020212,"Alan Roden",TOR,OF,$1
596,"WAR Horse ğŸ¦„",33604,19867,sa829807,"Griffin Canning",NYM,SP,$1
596,"WAR Horse ğŸ¦„",35473,21318,sa3007988,"Tylor Megill",NYM,SP,$1
596,"WAR Horse ğŸ¦„",45720,,sa3025245,"Jac Caglianone","KCR AA",1B,$1
759,"ğŸ‰ğŸ†The Kraken DeepğŸ†ğŸ‰",33600,19755,,"Shohei Ohtani",LAD,Util/SP,$84
759,"ğŸ‰ğŸ†The Kraken DeepğŸ†ğŸ‰",23813,19361,sa873673,"Corbin Burnes",ARI,SP,$33
759,"ğŸ‰ğŸ†The Kraken DeepğŸ†ğŸ‰",18160,14162,sa657850,"Carlos Correa",MIN,SS,$24
759,"ğŸ‰ğŸ†The Kraken DeepğŸ†ğŸ‰",18163,14161,sa657851,"Byron Buxton",MIN,OF,$19
759,"ğŸ‰ğŸ†The Kraken DeepğŸ†ğŸ‰",23654,19197,sa873265,"Will Smith",LAD,C,$19
759,"ğŸ‰ğŸ†The Kraken DeepğŸ†ğŸ‰",19168,18679,sa737343,"Freddy Peralta",MIL,SP,$15
759,"ğŸ‰ğŸ†The Kraken DeepğŸ†ğŸ‰",37216,26323,sa3010586,"Spencer Steer",CIN,1B/OF,$14
759,"ğŸ‰ğŸ†The Kraken DeepğŸ†ğŸ‰",23762,20454,sa919327,"Jazz Chisholm Jr.",NYY,2B/3B/OF,$13
759,"ğŸ‰ğŸ†The Kraken DeepğŸ†ğŸ‰",33612,24492,sa3008130,"Grayson Rodriguez",BAL,SP,$13
759,"ğŸ‰ğŸ†The Kraken DeepğŸ†ğŸ‰",37662,26208,sa3011257,"Tyler Fitzgerald",SFG,2B/SS/OF,$12
759,"ğŸ‰ğŸ†The Kraken DeepğŸ†ğŸ‰",19296,15711,sa737633,"Tyler O'Neill",BAL,OF,$12
759,"ğŸ‰ğŸ†The Kraken DeepğŸ†ğŸ‰",23831,20036,sa920275,"Isaac Paredes",HOU,1B/3B,$10
759,"ğŸ‰ğŸ†The Kraken DeepğŸ†ğŸ‰",23824,22182,sa3005315,"Hunter Greene",CIN,SP,$10
759,"ğŸ‰ğŸ†The Kraken DeepğŸ†ğŸ‰",36686,26378,sa917947,"Nick Lodolo",CIN,SP,$10
759,"ğŸ‰ğŸ†The Kraken DeepğŸ†ğŸ‰",33627,21479,sa3007867,"Nico Hoerner",CHC,2B/SS,$8
759,"ğŸ‰ğŸ†The Kraken DeepğŸ†ğŸ‰",37786,26299,sa3011468,"Josh Jung",TEX,3B,$8
759,"ğŸ‰ğŸ†The Kraken DeepğŸ†ğŸ‰",38699,27782,sa3014983,"Brandon Pfaadt",ARI,SP,$8
759,"ğŸ‰ğŸ†The Kraken DeepğŸ†ğŸ‰",27208,22210,sa3005339,"Jeremiah Estrada",SDP,RP,$7
759,"ğŸ‰ğŸ†The Kraken DeepğŸ†ğŸ‰",42146,31595,sa3019973,"Brooks Lee",MIN,2B/SS/3B,$7
759,"ğŸ‰ğŸ†The Kraken DeepğŸ†ğŸ‰",19816,17874,sa738684,"Nestor Cortes",MIL,SP,$7
759,"ğŸ‰ğŸ†The Kraken DeepğŸ†ğŸ‰",6175,9073,sa505235,"Kirby Yates",LAD,RP,$7
759,"ğŸ‰ğŸ†The Kraken DeepğŸ†ğŸ‰",23656,19360,sa872722,"Lucas Erceg",KCR,RP,$6
759,"ğŸ‰ğŸ†The Kraken DeepğŸ†ğŸ‰",44147,,sa3022757,"Bryce Eldridge","SFG ST",1B,$6
759,"ğŸ‰ğŸ†The Kraken DeepğŸ†ğŸ‰",45708,,sa3025168,"Christian Moore","LAA AA",2B,$5
759,"ğŸ‰ğŸ†The Kraken DeepğŸ†ğŸ‰",23373,21052,sa877821,"Luis Gil",NYY,SP,$5
759,"ğŸ‰ğŸ†The Kraken DeepğŸ†ğŸ‰",46090,35321,sa3025685,"Tomoyuki Sugano",BAL,SP/RP,$5
759,"ğŸ‰ğŸ†The Kraken DeepğŸ†ğŸ‰",38818,,sa3015168,"Deyvison De Los Santos","MIA AAA",1B/3B,$4
759,"ğŸ‰ğŸ†The Kraken DeepğŸ†ğŸ‰",38388,27467,sa3014489,"Tyler Soderstrom",ATH,C/1B,$4
759,"ğŸ‰ğŸ†The Kraken DeepğŸ†ğŸ‰",45064,,sa3024108,"Jesus Made","MIL A",SS,$3
759,"ğŸ‰ğŸ†The Kraken DeepğŸ†ğŸ‰",38325,27555,sa3014438,"Garrett Mitchell",MIL,OF,$3
759,"ğŸ‰ğŸ†The Kraken DeepğŸ†ğŸ‰",23691,13799,sa658557,"Matt Strahm",PHI,RP,$3
759,"ğŸ‰ğŸ†The Kraken DeepğŸ†ğŸ‰",37674,26231,sa3011295,"Tyler Holton",DET,SP/RP,$3
759,"ğŸ‰ğŸ†The Kraken DeepğŸ†ğŸ‰",27284,13293,sa455412,"Danny Coulombe",MIN,RP,$3
759,"ğŸ‰ğŸ†The Kraken DeepğŸ†ğŸ‰",8550,7048,sa389855,"Fernando Cruz",NYY,RP,$2
759,"ğŸ‰ğŸ†The Kraken DeepğŸ†ğŸ‰",22782,18123,sa875215,"Nathan Lukes",TOR,OF,$1
759,"ğŸ‰ğŸ†The Kraken DeepğŸ†ğŸ‰",31713,19896,sa873978,"Connor Wong",BOS,C/1B,$1
759,"ğŸ‰ğŸ†The Kraken DeepğŸ†ğŸ‰",40238,29554,sa3016957,"Adrian Del Castillo","ARI AAA",C,$1
759,"ğŸ‰ğŸ†The Kraken DeepğŸ†ğŸ‰",23630,14706,sa599510,"Anthony Banda",LAD,RP,$1
759,"ğŸ‰ğŸ†The Kraken DeepğŸ†ğŸ‰",23850,22191,sa918088,"Tobias Myers",MIL,SP/RP,$1
759,"ğŸ‰ğŸ†The Kraken DeepğŸ†ğŸ‰",31541,20302,sa829588,"David Peterson",NYM,SP,$1
772,CaNtZ,18276,13611,sa597889,"Mookie Betts",LAD,2B/SS/OF,$71
772,CaNtZ,18549,19611,sa920245,"Vladimir Guerrero Jr.",TOR,1B/3B,$45
772,CaNtZ,15962,10310,sa500722,"Zack Wheeler",PHI,SP,$38
772,CaNtZ,18347,16478,sa709545,"Kyle Schwarber",PHI,OF,$36
772,CaNtZ,21052,18525,sa829000,"Dylan Cease",SDP,SP,$26
772,CaNtZ,18236,14374,sa597835,"Tyler Glasnow",LAD,SP,$23
772,CaNtZ,23793,19627,sa3003172,"Brent Rooker",ATH,OF,$20
772,CaNtZ,18113,12768,sa455516,"Sonny Gray",STL,SP,$17
772,CaNtZ,23840,19290,sa914549,"Randy Arozarena",SEA,OF,$16
772,CaNtZ,33651,22514,sa3007634,"Triston Casas",BOS,1B,$15
772,CaNtZ,22568,21032,sa873427,"Emmanuel Clase",CLE,RP,$15
772,CaNtZ,40371,29695,sa3017154,"Matt McLain",CIN,2B,$12
772,CaNtZ,18422,17130,sa830702,"Raisel Iglesias",ATL,RP,$9
772,CaNtZ,5735,7005,sa390190,"Ryan Pressly",CHC,RP,$4
772,CaNtZ,43895,33876,sa3023360,"Rhett Lowder",CIN,SP,$4
772,CaNtZ,20732,18684,sa828383,"Sandy Alcantara",MIA,SP/RP,$4
772,CaNtZ,18364,17432,sa709602,"Jeff Hoffman",TOR,RP,$4
772,CaNtZ,14131,12144,sa549507,"Max Kepler",PHI,OF,$4
772,CaNtZ,40262,,sa3017170,"Colson Montgomery","CHW AAA",SS,$3
772,CaNtZ,37975,26413,sa3011729,"Porter Hodge",CHC,RP,$3
772,CaNtZ,12379,9777,sa500816,"Nolan Arenado",STL,3B,$3
772,CaNtZ,21170,16122,sa829155,"Jordan Romano",PHI,RP,$3
772,CaNtZ,18534,17425,sa599293,"Erick Fedde",STL,SP,$2
772,CaNtZ,45713,,sa3025154,"JJ Wetherholt","STL AA",SS,$2
772,CaNtZ,42711,,sa3020644,"Jacob Misiorowski","MIL AAA",SP/RP,$1
772,CaNtZ,44248,,sa3022923,"Colt Emerson","SEA A+",SS,$1
772,CaNtZ,40317,29634,sa3017079,"Will Wagner",TOR,1B/2B,$1
772,CaNtZ,38127,27506,sa3011918,"Ha-seong Kim",TBR,SS,$1
772,CaNtZ,42221,31539,sa3019920,"Drake Baldwin",ATL,C,$1
772,CaNtZ,37531,26294,sa3011443,"Bryson Stott",PHI,2B/SS,$1
772,CaNtZ,22219,19610,sa872528,"Keibert Ruiz",WSN,C,$1
772,CaNtZ,22668,18383,sa874715,"Michael Soroka",WSN,SP/RP,$1
772,CaNtZ,18476,17907,sa874238,"Brendan Rodgers",HOU,2B,$1
772,CaNtZ,23805,19363,sa874219,"Austin Hays",CIN,OF,$1
772,CaNtZ,18382,11752,sa548163,"Luke Jackson",TEX,RP,$1
772,CaNtZ,23868,20202,sa917944,"Brandon Marsh",PHI,OF,$1
772,CaNtZ,33620,25377,sa3008613,"Brady Singer",CIN,SP,$1
772,CaNtZ,33634,22186,sa3008294,"Brice Turang",MIL,2B,$1
772,CaNtZ,34804,20178,sa3006896,"Miguel Vargas",CHW,3B/OF,$1
772,CaNtZ,45715,,sa3025257,"Charlie Condon","COL A+",Util,$1
948,"Cow Ripkens ğŸ„",37806,26289,sa3011484,"Gunnar Henderson",BAL,SS,$39
948,"Cow Ripkens ğŸ„",18122,12916,sa597754,"Francisco Lindor",NYM,SS,$36
948,"Cow Ripkens ğŸ„",23651,13066,sa596861,"Teoscar Hernandez",LAD,OF,$26
948,"Cow Ripkens ğŸ„",23780,20043,sa3003396,"Luis Robert Jr.",CHW,OF,$26
948,"Cow Ripkens ğŸ„",23825,19326,sa873683,"Bryan Reynolds",PIT,OF,$17
948,"Cow Ripkens ğŸ„",36509,25976,sa3010694,"Riley Greene",DET,OF,$16
948,"Cow Ripkens ğŸ„",20545,18568,sa828153,"Luis Arraez",SDP,1B/2B,$16
948,"Cow Ripkens ğŸ„",18196,14107,sa548347,"Kevin Gausman",TOR,SP,$16
948,"Cow Ripkens ğŸ„",4374,9218,sa501577,"Paul Goldschmidt",NYY,1B,$16
948,"Cow Ripkens ğŸ„",33685,24617,sa3006786,"Jarren Duran",BOS,OF,$15
948,"Cow Ripkens ğŸ„",22391,20503,sa872847,"William Contreras",MIL,C,$11
948,"Cow Ripkens ğŸ„",32966,21224,sa918555,"Bailey Ober",MIN,SP,$10
948,"Cow Ripkens ğŸ„",35628,24064,sa3008239,"Ezequiel Tovar",COL,SS,$9
948,"Cow Ripkens ğŸ„",21964,18126,sa856280,"LaMonte Wade Jr.",SFG,1B/OF,$9
948,"Cow Ripkens ğŸ„",21708,17338,sa830274,"Willi Castro",MIN,2B/SS/3B/OF,$9
948,"Cow Ripkens ğŸ„",38398,27815,sa3014499,"Jordan Westburg",BAL,2B/3B,$8
948,"Cow Ripkens ğŸ„",37841,26319,sa3011540,"Michael Busch",CHC,1B,$8
948,"Cow Ripkens ğŸ„",33194,19407,sa919082,"Ronel Blanco",HOU,SP,$7
948,"Cow Ripkens ğŸ„",22651,18138,sa874172,"Ryan Helsley",STL,RP,$7
948,"Cow Ripkens ğŸ„",18255,13301,sa503373,"Max Muncy",LAD,3B,$7
948,"Cow Ripkens ğŸ„",37649,26221,sa3011244,"Ryan Pepiot",TBR,SP,$6
948,"Cow Ripkens ğŸ„",40284,29592,sa3017019,"Connor Norby",MIA,2B/3B/OF,$6
948,"Cow Ripkens ğŸ„",23741,19959,sa917981,"Jesus Luzardo",PHI,SP,$6
948,"Cow Ripkens ğŸ„",40978,30134,sa3018170,"Tanner Bibee",CLE,SP,$5
948,"Cow Ripkens ğŸ„",26099,20599,sa3003191,"Ivan Herrera",STL,C,$5
948,"Cow Ripkens ğŸ„",20975,20778,sa828749,"Cristopher Sanchez",PHI,SP,$5
948,"Cow Ripkens ğŸ„",21156,16442,sa829141,"Ryan O'Hearn",BAL,1B/OF,$5
948,"Cow Ripkens ğŸ„",21075,17586,sa829027,"Tanner Scott",LAD,RP,$5
948,"Cow Ripkens ğŸ„",38436,27504,sa3014546,"Nick Yorke","PIT AAA",2B/OF,$4
948,"Cow Ripkens ğŸ„",22078,30115,sa869798,"Robert Suarez",SDP,RP,$4
948,"Cow Ripkens ğŸ„",32880,20548,sa918451,"Bowden Francis",TOR,SP/RP,$3
948,"Cow Ripkens ğŸ„",40989,30160,sa3018182,"Richard Fitts",BOS,SP/RP,$3
948,"Cow Ripkens ğŸ„",18380,16918,sa599729,"Luke Weaver",NYY,RP,$3
948,"Cow Ripkens ğŸ„",37960,26396,sa3011703,"Josh H. Smith",TEX,SS/3B/OF,$3
948,"Cow Ripkens ğŸ„",43932,33189,sa3022430,"Nolan Schanuel",LAA,1B,$3
948,"Cow Ripkens ğŸ„",22679,19926,sa874781,"Tony Santillan",CIN,RP,$3
948,"Cow Ripkens ğŸ„",23811,19879,sa829037,"Tanner Houck",BOS,SP,$3
948,"Cow Ripkens ğŸ„",34921,21622,sa3007015,"Jake McCarthy",ARI,OF,$3
948,"Cow Ripkens ğŸ„",26154,22715,sa3003246,"Maikel Garcia",KCR,2B/3B,$3
948,"Cow Ripkens ğŸ„",37946,25911,sa3011688,"Yennier Cano",BAL,RP,$2
990,"SSS Fluke",23682,19709,sa919910,"Fernando Tatis Jr.",SDP,OF,$52
990,"SSS Fluke",36668,25764,sa3011225,"Bobby Witt Jr.",KCR,SS,$48
990,"SSS Fluke",14934,11493,sa548155,"Manny Machado",SDP,3B,$41
990,"SSS Fluke",33625,23697,sa3005720,"Julio Rodriguez",SEA,OF,$37
990,"SSS Fluke",36338,26668,sa3009289,"Elly De La Cruz",CIN,SS,$23
990,"SSS Fluke",18164,13743,sa657860,"Max Fried",NYY,SP,$22
990,"SSS Fluke",44526,33829,sa3023346,"Shota Imanaga",CHC,SP,$20
990,"SSS Fluke",31751,19853,sa874220,"Michael King",SDP,SP,$17
990,"SSS Fluke",35824,24610,sa3008536,"Steven Kwan",CLE,OF,$14
990,"SSS Fluke",32765,19566,sa918283,"Nathaniel Lowe",WSN,1B,$10
990,"SSS Fluke",18375,16944,sa828669,"Grant Holmes",ATL,SP/RP,$8
990,"SSS Fluke",34601,21454,sa3006649,"Lars Nootbaar",STL,OF,$8
990,"SSS Fluke",31194,17277,sa659551,"Ranger Suarez",PHI,SP,$8
990,"SSS Fluke",34788,22542,sa3006873,"Lawrence Butler",ATH,OF,$7
990,"SSS Fluke",18257,15873,sa709610,"Sean Manaea",NYM,SP,$7
990,"SSS Fluke",45709,,sa3025129,"Travis Bazzana","CLE AA",2B,$5
990,"SSS Fluke",32655,19354,sa918048,"Luke Raley",SEA,1B/OF,$5
990,"SSS Fluke",38361,27863,sa3014459,"Jared Jones",PIT,SP,$5
990,"SSS Fluke",40772,30056,sa3017788,"David Festa","MIN AAA",SP,$5
990,"SSS Fluke",43966,33322,sa3022615,"Matt Shaw",CHC,2B/SS/3B,$5
990,"SSS Fluke",20900,16609,sa828588,"Bryan Abreu",HOU,RP,$5
990,"SSS Fluke",33949,24816,sa3005625,"Andy Pages",LAD,OF,$4
990,"SSS Fluke",23792,20220,sa3004837,"Jo Adell",LAA,OF,$4
990,"SSS Fluke",19242,20666,sa737480,"Felix Bautista",BAL,RP,$4
990,"SSS Fluke",42552,31635,sa3020409,"Hayden Birdsong",SFG,SP,$3
990,"SSS Fluke",44057,,sa3022614,"Luke Keaschall","MIN AAA",2B,$3
990,"SSS Fluke",36669,25816,sa3010329,"Shea Langeliers",ATH,C,$3
990,"SSS Fluke",37098,27684,sa1115910,"Michael Massey",KCR,2B,$3
990,"SSS Fluke",35205,20423,sa3007594,"Ryan Walker",SFG,RP,$3
990,"SSS Fluke",42310,31461,sa3020078,"Ben Joyce",LAA,RP,$3
990,"SSS Fluke",33613,21524,sa3007786,"Joey Bart",PIT,C,$3
990,"SSS Fluke",33548,20391,sa962605,"Luis Garcia",WSN,2B,$3
990,"SSS Fluke",32585,20538,sa917952,"Jose Miranda",MIN,1B/3B,$3
990,"SSS Fluke",32611,19716,sa917992,"Dustin May",LAD,RP,$3
990,"SSS Fluke",35878,21461,sa3008611,"Cole Sands",MIN,RP,$1
990,"SSS Fluke",26047,23150,sa3003138,"Osvaldo Bido",ATH,SP/RP,$1
990,"SSS Fluke",33503,21871,sa943817,"Jerar Encarnacion",SFG,OF,$1
990,"SSS Fluke",10429,12095,sa506959,"Yimi Garcia",TOR,RP,$1
990,"SSS Fluke",41419,,sa3018808,"Jarlin Susana","WSN AA",SP,$1
990,"SSS Fluke",40155,30146,sa3018053,"Jack Leiter",TEX,SP/RP,$1
990,"SSS Fluke",20936,17594,sa828700,"Mitch Keller",PIT,SP,$1
997,"Tabula Rasa ğŸª¨",5680,5361,sa390291,"Freddie Freeman",LAD,1B,$52
997,"Tabula Rasa ğŸª¨",18546,18345,sa874240,"Kyle Tucker",CHC,OF,$40
997,"Tabula Rasa ğŸª¨",5918,5417,sa455591,"Jose Altuve",HOU,2B/OF,$36
997,"Tabula Rasa ğŸª¨",46091,35323,sa3025686,"Roki Sasaki",LAD,SP/RP,$30
997,"Tabula Rasa ğŸª¨",21015,17995,sa828873,"Logan Webb",SFG,SP,$23
997,"Tabula Rasa ğŸª¨",23767,19612,sa917949,"Bo Bichette",TOR,SS,$22
997,"Tabula Rasa ğŸª¨",18786,17085,sa736473,"Pablo Lopez",MIN,SP,$19
997,"Tabula Rasa ğŸª¨",39277,28806,sa3015704,"Jackson Chourio",MIL,OF,$16
997,"Tabula Rasa ğŸª¨",41042,30279,sa3018290,"Bryan Woo",SEA,SP,$11
997,"Tabula Rasa ğŸª¨",40142,29490,sa3016829,"Jackson Merrill",SDP,OF,$10
997,"Tabula Rasa ğŸª¨",18378,16505,sa828672,"Matt Chapman",SFG,3B,$9
997,"Tabula Rasa ğŸª¨",39108,28163,sa3015532,"Junior Caminero",TBR,3B,$8
997,"Tabula Rasa ğŸª¨",37635,28080,sa3014696,"Jasson Dominguez",NYY,OF,$7
997,"Tabula Rasa ğŸª¨",40941,30122,sa3018106,"Gavin Williams",CLE,SP,$7
997,"Tabula Rasa ğŸª¨",23701,12447,sa599698,"Seth Lugo",KCR,SP,$7
997,"Tabula Rasa ğŸª¨",42666,31776,sa3020593,"Orion Kerkering",PHI,RP,$7
997,"Tabula Rasa ğŸª¨",42737,31846,sa3020703,"Spencer Schwellenbach",ATL,SP,$7
997,"Tabula Rasa ğŸª¨",39288,,sa3015716,"Samuel Basallo","BAL AAA",C/1B,$5
997,"Tabula Rasa ğŸª¨",37797,26368,sa3011642,"JJ Bleday",ATH,OF,$5
997,"Tabula Rasa ğŸª¨",38368,27615,sa3014466,"Alec Burleson",STL,1B/OF,$5
997,"Tabula Rasa ğŸª¨",38319,31166,sa3014439,"Heston Kjerstad",BAL,OF,$4
997,"Tabula Rasa ğŸª¨",36803,25479,sa3009965,"Brenton Doyle",COL,OF,$4
997,"Tabula Rasa ğŸª¨",22004,18036,sa857694,"Jake Cronenworth",SDP,1B/2B,$4
997,"Tabula Rasa ğŸª¨",37239,25636,sa3010621,"Hunter Gaddis",CLE,RP,$4
997,"Tabula Rasa ğŸª¨",32009,22100,sa916702,"Jose Soriano",LAA,SP,$4
997,"Tabula Rasa ğŸª¨",20989,17722,sa828803,"Trevor Megill",MIL,RP,$4
997,"Tabula Rasa ğŸª¨",38456,,sa3014693,"Emmanuel Rodriguez","MIN AAA",OF,$3
997,"Tabula Rasa ğŸª¨",33679,19899,sa3007582,"Clarke Schmidt","NYY AA",SP,$3
997,"Tabula Rasa ğŸª¨",35650,25332,sa3008272,"Endy Rodriguez",PIT,Util,$3
997,"Tabula Rasa ğŸª¨",23808,19892,sa829595,"Pavin Smith",ARI,1B/OF,$3
997,"Tabula Rasa ğŸª¨",35566,21455,sa3008128,"Kris Bubic",KCR,SP/RP,$3
997,"Tabula Rasa ğŸª¨",44348,,sa3023068,"C.J. Kayfus","CLE AA",1B/OF,$2
997,"Tabula Rasa ğŸª¨",44308,33644,sa3023011,"Kristian Campbell",BOS,2B/SS/OF,$2
997,"Tabula Rasa ğŸª¨",33652,24618,sa3007051,"Ryan Jeffers",MIN,C,$2
997,"Tabula Rasa ğŸª¨",42193,,sa3019892,"Dalton Rushing","LAD AAA",C/OF,$2
997,"Tabula Rasa ğŸª¨",38367,,sa3014465,"Owen Caissie","CHC AAA",OF,$2
997,"Tabula Rasa ğŸª¨",34707,24934,sa3006787,"David Fry",CLE,C/1B/OF,$1
997,"Tabula Rasa ğŸª¨",28564,14332,sa597219,"Joel Payamps",MIL,RP,$1
997,"Tabula Rasa ğŸª¨",40460,29779,sa3017290,"Max Muncy",ATH,2B/SS,$1
997,"Tabula Rasa ğŸª¨",23672,20039,sa969093,"Adrian Morejon",SDP,RP,$1
997,"Tabula Rasa ğŸª¨",42380,31508,sa3020181,"Caden Dana",LAA,SP/RP,$1
1006,"Mallard Power ğŸ¦†ğŸš‚",23795,19556,sa943524,"Yordan Alvarez",HOU,OF,$56
1006,"Mallard Power ğŸ¦†ğŸš‚",18216,13624,sa657913,"Corey Seager",TEX,SS,$50
1006,"Mallard Power ğŸ¦†ğŸš‚",18284,13510,sa598784,"JosÃ© RamÃ­rez",CLE,3B,$45
1006,"Mallard Power ğŸ¦†ğŸš‚",43894,33677,sa3023079,"Paul Skenes",PIT,SP,$26
1006,"Mallard Power ğŸ¦†ğŸš‚",14294,10954,sa548447,"Jacob DeGrom",TEX,RP,$18
1006,"Mallard Power ğŸ¦†ğŸš‚",32291,21711,sa917318,"Oneil Cruz",PIT,SS/OF,$14
1006,"Mallard Power ğŸ¦†ğŸš‚",37094,27676,sa1115762,"Vinnie Pasquantino",KCR,1B,$13
1006,"Mallard Power ğŸ¦†ğŸš‚",34619,24679,sa3006675,"Brendan Donovan",STL,2B/3B/OF,$11
1006,"Mallard Power ğŸ¦†ğŸš‚",12398,11609,sa508176,"Willson Contreras",STL,C/1B,$10
1006,"Mallard Power ğŸ¦†ğŸš‚",23834,22515,sa3004693,"Heliot Ramos",SFG,OF,$10
1006,"Mallard Power ğŸ¦†ğŸš‚",23870,20529,sa917941,"Nolan Jones",CLE,OF,$9
1006,"Mallard Power ğŸ¦†ğŸš‚",37201,25880,sa3010571,"Hunter Brown",HOU,SP,$9
1006,"Mallard Power ğŸ¦†ğŸš‚",31741,18882,sa874181,"Brandon Lowe",TBR,1B/2B,$8
1006,"Mallard Power ğŸ¦†ğŸš‚",40188,29518,sa3016870,"James Wood",WSN,OF,$8
1006,"Mallard Power ğŸ¦†ğŸš‚",23788,19522,sa943754,"TJ Friedl",CIN,OF,$8
1006,"Mallard Power ğŸ¦†ğŸš‚",38378,28312,sa3014479,"Coby Mayo","BAL AAA",1B/3B,$7
1006,"Mallard Power ğŸ¦†ğŸš‚",40748,30011,sa3017756,"Christian Encarnacion-Strand",CIN,1B,$6
1006,"Mallard Power ğŸ¦†ğŸš‚",38559,27768,sa3014807,"Eury Perez",MIA,RP,$6
1006,"Mallard Power ğŸ¦†ğŸš‚",38312,27463,,"Garrett Crochet",BOS,SP,$6
1006,"Mallard Power ğŸ¦†ğŸš‚",40472,29770,sa3017306,"Mason Montgomery",TBR,SP/RP,$6
1006,"Mallard Power ğŸ¦†ğŸš‚",40820,30076,sa3017869,"Landen Roupp",SFG,SP/RP,$5
1006,"Mallard Power ğŸ¦†ğŸš‚",40972,30182,sa3018149,"Will Warren",NYY,SP,$5
1006,"Mallard Power ğŸ¦†ğŸš‚",40829,30091,sa3017880,"Andrew Painter","PHI CPX",SP,$5
1006,"Mallard Power ğŸ¦†ğŸš‚",45714,35108,sa3025358,"Cam Smith",HOU,3B/OF,$5
1006,"Mallard Power ğŸ¦†ğŸš‚",33616,20492,sa3008444,"Casey Mize",DET,SP,$5
1006,"Mallard Power ğŸ¦†ğŸš‚",37007,25648,sa3010309,"Justin Slaten",BOS,RP,$5
1006,"Mallard Power ğŸ¦†ğŸš‚",40097,30203,sa3018054,"Jackson Jobe",DET,SP/RP,$4
1006,"Mallard Power ğŸ¦†ğŸš‚",18491,17901,sa738659,"Andrew Benintendi",CHW,OF,$4
1006,"Mallard Power ğŸ¦†ğŸš‚",34132,24453,sa3005864,"Justin Martinez",ARI,RP,$3
1006,"Mallard Power ğŸ¦†ğŸš‚",37705,26259,sa3011341,"Hunter Bigge",TBR,RP,$3
1006,"Mallard Power ğŸ¦†ğŸš‚",18153,12564,sa597765,"Trevor Story",BOS,SS,$3
1006,"Mallard Power ğŸ¦†ğŸš‚",37181,26123,sa3010869,"Brett Baty",NYM,2B/3B,$3
1006,"Mallard Power ğŸ¦†ğŸš‚",32051,21992,sa916835,"Camilo Doval",SFG,RP,$3
1006,"Mallard Power ğŸ¦†ğŸš‚",31572,19901,sa829797,"Gavin Sheets",SDP,1B/OF,$2
1006,"Mallard Power ğŸ¦†ğŸš‚",44539,,sa3023363,"Leodalis De Vries","SDP A+",SS,$2
1006,"Mallard Power ğŸ¦†ğŸš‚",17763,11156,sa552177,"Merrill Kelly",ARI,SP,$1
1006,"Mallard Power ğŸ¦†ğŸš‚",34222,20271,sa3006065,"Daysbel Hernandez",ATL,RP,$1
1006,"Mallard Power ğŸ¦†ğŸš‚",38808,,sa3015158,"Emiliano Teodo","TEX AAA",SP/RP,$1
1006,"Mallard Power ğŸ¦†ğŸš‚",37178,27908,sa919012,"Noah Murdock",ATH,RP,$1
1006,"Mallard Power ğŸ¦†ğŸš‚",37405,26079,sa3010832,"Beau Brieske",DET,SP/RP,$1
1028,"Grumble Grumble",22674,18360,sa874756,"Austin Riley",ATL,3B,$37
1028,"Grumble Grumble",18357,16149,sa599230,"Aaron Nola",PHI,SP,$36
1028,"Grumble Grumble",18386,14344,sa657863,"Matt Olson",ATL,1B,$36
1028,"Grumble Grumble",18460,13543,sa597786,"Blake Snell",LAD,SP,$31
1028,"Grumble Grumble",33647,21483,sa3008547,"Shane McClanahan",TBR,RP,$25
1028,"Grumble Grumble",19268,15816,sa737560,"Devin Williams",NYY,RP,$16
1028,"Grumble Grumble",14914,11737,sa548164,"Nick Castellanos",PHI,OF,$14
1028,"Grumble Grumble",36922,25768,sa3010152,"CJ Abrams",WSN,SS,$13
1028,"Grumble Grumble",26857,22184,sa3004720,"Mark Vientos",NYM,3B,$12
1028,"Grumble Grumble",42126,31781,sa3020241,"Jackson Holliday",BAL,2B/SS,$12
1028,"Grumble Grumble",23722,19238,sa908697,"Lourdes Gurriel Jr.",ARI,OF,$11
1028,"Grumble Grumble",18391,14212,sa658473,"Josh Hader",HOU,RP,$11
1028,"Grumble Grumble",23794,22264,sa3004765,"Shane Baz",TBR,SP,$10
1028,"Grumble Grumble",38389,27790,sa3014490,"Evan Carter","TEX AAA",OF,$10
1028,"Grumble Grumble",20435,17998,sa827454,"Pete Fairbanks",TBR,RP,$9
1028,"Grumble Grumble",38366,27475,sa3014464,"Jordan Walker",STL,OF,$9
1028,"Grumble Grumble",35367,22543,sa3007839,"Taj Bradley",TBR,SP,$9
1028,"Grumble Grumble",23705,19950,sa917114,"Andres Gimenez",TOR,2B,$8
1028,"Grumble Grumble",33654,21534,sa3008377,"Cal Raleigh",SEA,C,$7
1028,"Grumble Grumble",33645,22266,sa3007018,"Xavier Edwards",MIA,SS,$7
1028,"Grumble Grumble",45716,,sa3025385,"Nick Kurtz","ATH AAA",Util,$7
1028,"Grumble Grumble",23814,19427,sa873698,"Shane Bieber",CLE,RP,$6
1028,"Grumble Grumble",27723,11861,sa548332,"Jason Adam",SDP,RP,$6
1028,"Grumble Grumble",23144,17677,sa876019,"Jeffrey Springs",ATH,SP,$6
1028,"Grumble Grumble",38404,27479,sa3014506,"Masyn Winn",STL,SS,$6
1028,"Grumble Grumble",31438,20253,sa738570,"Griffin Jax",MIN,RP,$5
1028,"Grumble Grumble",33395,20539,sa921576,"Edwin Uceta",TBR,RP,$5
1028,"Grumble Grumble",18493,17282,sa828680,"Michael Kopech",LAD,RP,$3
1028,"Grumble Grumble",37660,26202,sa3011255,"Jake Mangum",TBR,OF,$3
1028,"Grumble Grumble",18608,16977,sa708217,"Trevor Williams",WSN,SP,$3
1028,"Grumble Grumble",23639,19956,sa917920,"Mickey Moniak",COL,OF,$2
1028,"Grumble Grumble",42621,,sa3020498,"Xavier Isaac","TBR ST",1B,$2
1028,"Grumble Grumble",42416,,sa3020219,"Chandler Simpson","TBR AAA",OF,$2
1028,"Grumble Grumble",18201,14168,sa657852,"Jose Berrios",TOR,SP,$1
1028,"Grumble Grumble",40298,29622,sa3017047,"Sal Frelick",MIL,OF,$1
1028,"Grumble Grumble",22524,20367,sa873310,"Brusdar Graterol",LAD,RP,$1
1028,"Grumble Grumble",18398,12304,sa598294,"Chris Bassitt",TOR,SP,$1
1028,"Grumble Grumble",21041,16939,sa828962,"Lane Thomas",CLE,OF,$1
1028,"Grumble Grumble",19360,16930,sa737843,"Jonah Heim",TEX,C,$1
1028,"Grumble Grumble",35725,23986,sa3008392,"Curtis Mead",TBR,2B/3B,$1
1042,"The Thumb is Troubling",23717,20123,sa906282,"Juan Soto",NYM,OF,$74
1042,"The Thumb is Troubling",18368,16252,sa599179,"Trea Turner",PHI,SS,$43
1042,"The Thumb is Troubling",14893,11477,sa548190,"Christian Yelich",MIL,OF,$29
1042,"The Thumb is Troubling",18263,12533,sa546772,"Marcus Semien",TEX,2B,$20
1042,"The Thumb is Troubling",19328,15998,sa737794,"Cody Bellinger",NYY,1B/OF,$19
1042,"The Thumb is Troubling",18517,16578,sa823741,"Yandy Diaz",TBR,1B,$15
1042,"The Thumb is Troubling",14895,11899,sa549081,"Joc Pederson",TEX,Util,$15
1042,"The Thumb is Troubling",23856,14551,sa659463,"Anthony Santander",TOR,OF,$13
1042,"The Thumb is Troubling",13117,12161,sa550735,"Xander Bogaerts",SDP,2B/SS,$12
1042,"The Thumb is Troubling",33656,20633,,"Yusei Kikuchi",LAA,SP,$11
1042,"The Thumb is Troubling",33609,21618,sa3007284,"Alec Bohm",PHI,1B/3B,$10
1042,"The Thumb is Troubling",26292,23003,sa3003386,"Yainer Diaz",HOU,C/1B,$8
1042,"The Thumb is Troubling",44524,33824,sa3012640,"Jung Hoo Lee",SFG,OF,$8
1042,"The Thumb is Troubling",18487,16997,sa830372,"Gleyber Torres",DET,2B,$8
1042,"The Thumb is Troubling",45706,,sa3028086,"Chase Burns","CIN A+",Util,$7
1042,"The Thumb is Troubling",23790,13649,sa598167,"Clay Holmes",NYM,SP/RP,$7
1042,"The Thumb is Troubling",35874,24586,sa3008605,"Kyle Bradish",BAL,SP,$7
1042,"The Thumb is Troubling",38754,27867,sa3015086,"Cade Smith",CLE,RP,$6
1042,"The Thumb is Troubling",40266,,sa3017795,"Carson Williams","TBR AAA",SS,$5
1042,"The Thumb is Troubling",35922,25385,sa829799,"Drew Rasmussen",TBR,RP,$3
1042,"The Thumb is Troubling",40648,29869,sa3017598,"Michael McGreevy","STL AAA",SP/RP,$3
1042,"The Thumb is Troubling",38335,27483,sa3014422,"Bobby Miller","LAD AAA",SP,$3
1042,"The Thumb is Troubling",27074,23590,sa3005122,"Ben Brown",CHC,SP/RP,$3
1042,"The Thumb is Troubling",42409,,sa3020211,"Roman Anthony","BOS AAA",OF,$3
1042,"The Thumb is Troubling",43893,,sa3022683,"Max Clark","DET A+",OF,$3
1042,"The Thumb is Troubling",32576,19955,sa917933,"Gavin Lux",CIN,2B/OF,$3
1042,"The Thumb is Troubling",38307,27474,sa3014430,"Max Meyer",MIA,SP,$2
1042,"The Thumb is Troubling",38328,27468,sa3014425,"Reid Detmers",LAA,SP,$2
1042,"The Thumb is Troubling",42277,31431,sa3019981,"Jordan Beck",COL,OF,$1
1042,"The Thumb is Troubling",2925,2036,sa326468,"Clayton Kershaw",LAD,SP,$1
1042,"The Thumb is Troubling",40389,29715,sa3017173,"Hunter Goodman",COL,C/OF,$1
1042,"The Thumb is Troubling",33493,22533,sa932611,"Michel Otanez",ATH,RP,$1
1042,"The Thumb is Troubling",40052,29617,sa3017042,"Henry Davis","PIT AAA",C,$1
1042,"The Thumb is Troubling",26525,23055,sa3004203,"Dedniel Nunez","NYM AAA",RP,$1
1042,"The Thumb is Troubling",29992,17780,sa656049,"Jose Alvarado",PHI,RP,$1
1042,"The Thumb is Troubling",27185,20191,sa3005306,"Garrett Whitlock",BOS,SP/RP,$1
1042,"The Thumb is Troubling",34817,24598,sa3006910,"Addison Barger","TOR AAA",3B/OF,$1
1042,"The Thumb is Troubling",33681,23792,sa3006892,"Alek Thomas",ARI,OF,$1
1042,"The Thumb is Troubling",27148,23335,sa3005246,"Joey Cantillo",CLE,SP,$1
1042,"The Thumb is Troubling",28784,14993,sa597976,"Scott Barlow",CIN,RP,$1
1042,"The Thumb is Troubling",31937,19531,sa915677,"Jason Foley","DET AAA",RP,$1
1042,"The Thumb is Troubling",40707,29960,sa3017690,"AJ Smith-Shawver",ATL,SP/RP,$1
1058,"Seven Sneeze Army",18344,17350,sa828312,"Rafael Devers",BOS,3B,$43
1058,"Seven Sneeze Army",18466,13613,sa597026,"Ketel Marte",ARI,2B,$34
1058,"Seven Sneeze Army",23859,19251,sa873981,"Pete Alonso",NYM,1B,$33
1058,"Seven Sneeze Army",22426,17295,sa873146,"Framber Valdez",HOU,SP,$29
1058,"Seven Sneeze Army",42723,31838,,"Kodai Senga",NYM,RP,$26
1058,"Seven Sneeze Army",43896,33333,sa3022654,"Wyatt Langford",TEX,OF,$21
1058,"Seven Sneeze Army",37295,25931,sa3010684,"Michael Harris II",ATL,OF,$19
1058,"Seven Sneeze Army",23601,14710,sa657938,"Edwin Diaz",NYM,RP,$18
1058,"Seven Sneeze Army",18162,14221,sa658226,"Jorge Soler",LAA,OF,$16
1058,"Seven Sneeze Army",43950,33541,sa3022882,"Dylan Crews",WSN,OF,$16
1058,"Seven Sneeze Army",33619,21523,sa3008178,"Jonathan India",KCR,2B,$14
1058,"Seven Sneeze Army",8626,7304,sa392995,"Salvador Perez",KCR,C/1B,$14
1058,"Seven Sneeze Army",9335,9132,sa455169,"Nathan Eovaldi",TEX,SP,$12
1058,"Seven Sneeze Army",22331,19913,sa872787,"Jesus Sanchez",MIA,OF,$11
1058,"Seven Sneeze Army",23810,22201,sa3005068,"MacKenzie Gore",WSN,SP,$8
1058,"Seven Sneeze Army",23612,13774,sa657853,"Zach Eflin",BAL,SP,$8
1058,"Seven Sneeze Army",37427,26121,sa3010862,"Francisco Alvarez",NYM,C,$7
1058,"Seven Sneeze Army",43879,33527,sa3022942,"Hurston Waldrep","ATL AAA",SP/RP,$7
1058,"Seven Sneeze Army",37469,26197,sa3011226,"Andrew Vaughn",CHW,1B,$5
1058,"Seven Sneeze Army",42176,,sa3021053,"Chase DeLauter","CLE AAA",OF,$5
1058,"Seven Sneeze Army",5644,10233,sa523977,"Aroldis Chapman",BOS,RP,$5
1058,"Seven Sneeze Army",23693,16162,sa597893,"Brandon Woodruff",MIL,RP,$5
1058,"Seven Sneeze Army",15556,13074,sa379610,"Yu Darvish",SDP,SP,$5
1058,"Seven Sneeze Army",18124,12856,sa526414,"George Springer",TOR,OF,$4
1058,"Seven Sneeze Army",18355,15890,sa657781,"Luis Severino",ATH,SP,$4
1058,"Seven Sneeze Army",22926,21132,sa875576,"Alexis Diaz","CIN AAA",RP,$3
1058,"Seven Sneeze Army",44534,,sa3023499,"Brandon Sproat","NYM AAA",SP,$3
1058,"Seven Sneeze Army",31703,19470,sa873704,"Tommy Edman",LAD,2B/SS/OF,$3
1058,"Seven Sneeze Army",13217,13152,sa548087,"Jorge Polanco",SEA,2B/3B,$3
1058,"Seven Sneeze Army",38327,27769,sa3014458,"Pete Crow-Armstrong",CHC,OF,$3
1058,"Seven Sneeze Army",40095,,sa3017114,"Marcelo Mayer","BOS AAA",SS,$2
1058,"Seven Sneeze Army",18414,12572,sa549672,"Blake Treinen",LAD,RP,$2
1058,"Seven Sneeze Army",22757,18042,sa875186,"Dylan Moore",SEA,1B/2B/SS/3B/OF,$1
1058,"Seven Sneeze Army",33907,24262,sa3005581,"Ceddanne Rafaela",BOS,2B/SS/OF,$1
1058,"Seven Sneeze Army",18283,15507,sa737510,"Hunter Harvey",KCR,RP,$1
1058,"Seven Sneeze Army",23679,18655,sa659284,"A.J. Minter",NYM,RP,$1
1058,"Seven Sneeze Army",32076,21707,sa916954,"Oswaldo Cabrera",NYY,1B/2B/3B,$1
1058,"Seven Sneeze Army",30196,19249,sa657573,"Seranthony Dominguez",BAL,RP,$1
1058,"Seven Sneeze Army",23838,13892,sa658150,"Paul Sewald",CLE,RP,$1
